name	probe_name	x	y	z	hemisphere	impedance	shank_id	location
e000	Probe 0	n/a	n/a	n/a	n/a	n/a	probe_0	root
e001	Probe 0	n/a	n/a	n/a	n/a	n/a	probe_0	root
e002	Probe 0	n/a	n/a	n/a	n/a	n/a	probe_0	root
e003	Probe 0	n/a	n/a	n/a	n/a	n/a	probe_0	root
e004	Probe 0	n/a	n/a	n/a	n/a	n/a	probe_0	root
e005	Probe 0	n/a	n/a	n/a	n/a	n/a	probe_0	root
e006	Probe 0	n/a	n/a	n/a	n/a	n/a	probe_0	root
e007	Probe 0	n/a	n/a	n/a	n/a	n/a	probe_0	root
e008	Probe 0	n/a	n/a	n/a	n/a	n/a	probe_0	root
e009	Probe 0	n/a	n/a	n/a	n/a	n/a	probe_0	root
e010	Probe 0	n/a	n/a	n/a	n/a	n/a	probe_0	root
e011	Probe 0	n/a	n/a	n/a	n/a	n/a	probe_0	root
e012	Probe 0	n/a	n/a	n/a	n/a	n/a	probe_0	root
e013	Probe 0	n/a	n/a	n/a	n/a	n/a	probe_0	root
e014	Probe 0	n/a	n/a	n/a	n/a	n/a	probe_0	root
e015	Probe 0	n/a	n/a	n/a	n/a	n/a	probe_0	root
e016	Probe 0	n/a	n/a	n/a	n/a	n/a	probe_0	root
e017	Probe 0	n/a	n/a	n/a	n/a	n/a	probe_0	root
e018	Probe 0	n/a	n/a	n/a	n/a	n/a	probe_0	root
e019	Probe 0	n/a	n/a	n/a	n/a	n/a	probe_0	root
e020	Probe 0	n/a	n/a	n/a	n/a	n/a	probe_0	root
e021	Probe 0	n/a	n/a	n/a	n/a	n/a	probe_0	root
e022	Probe 0	n/a	n/a	n/a	n/a	n/a	probe_0	root
e023	Probe 0	n/a	n/a	n/a	n/a	n/a	probe_0	root
e024	Probe 0	n/a	n/a	n/a	n/a	n/a	probe_0	root
e025	Probe 0	n/a	n/a	n/a	n/a	n/a	probe_0	root
e026	Probe 0	n/a	n/a	n/a	n/a	n/a	probe_0	root
e027	Probe 0	n/a	n/a	n/a	n/a	n/a	probe_0	root
e028	Probe 0	n/a	n/a	n/a	n/a	n/a	probe_0	root
e029	Probe 0	n/a	n/a	n/a	n/a	n/a	probe_0	root
e030	Probe 0	n/a	n/a	n/a	n/a	n/a	probe_0	root
e031	Probe 0	n/a	n/a	n/a	n/a	n/a	probe_0	root
e032	Probe 0	n/a	n/a	n/a	n/a	n/a	probe_0	root
e033	Probe 0	n/a	n/a	n/a	n/a	n/a	probe_0	root
e034	Probe 0	n/a	n/a	n/a	n/a	n/a	probe_0	root
e035	Probe 0	n/a	n/a	n/a	n/a	n/a	probe_0	root
e036	Probe 0	n/a	n/a	n/a	n/a	n/a	probe_0	root
e037	Probe 0	n/a	n/a	n/a	n/a	n/a	probe_0	root
e038	Probe 0	n/a	n/a	n/a	n/a	n/a	probe_0	root
e039	Probe 0	n/a	n/a	n/a	n/a	n/a	probe_0	root
e040	Probe 0	n/a	n/a	n/a	n/a	n/a	probe_0	root
e041	Probe 0	n/a	n/a	n/a	n/a	n/a	probe_0	root
e042	Probe 0	n/a	n/a	n/a	n/a	n/a	probe_0	root
e043	Probe 0	n/a	n/a	n/a	n/a	n/a	probe_0	root
e044	Probe 0	n/a	n/a	n/a	n/a	n/a	probe_0	root
e045	Probe 0	n/a	n/a	n/a	n/a	n/a	probe_0	root
e046	Probe 0	n/a	n/a	n/a	n/a	n/a	probe_0	root
e047	Probe 0	n/a	n/a	n/a	n/a	n/a	probe_0	root
e048	Probe 0	n/a	n/a	n/a	n/a	n/a	probe_0	root
e049	Probe 0	n/a	n/a	n/a	n/a	n/a	probe_0	root
e050	Probe 0	n/a	n/a	n/a	n/a	n/a	probe_0	root
e051	Probe 0	n/a	n/a	n/a	n/a	n/a	probe_0	root
e052	Probe 0	n/a	n/a	n/a	n/a	n/a	probe_0	root
e053	Probe 0	n/a	n/a	n/a	n/a	n/a	probe_0	root
e054	Probe 0	n/a	n/a	n/a	n/a	n/a	probe_0	root
e055	Probe 0	n/a	n/a	n/a	n/a	n/a	probe_0	root
e056	Probe 0	n/a	n/a	n/a	n/a	n/a	probe_0	root
e057	Probe 0	n/a	n/a	n/a	n/a	n/a	probe_0	root
e058	Probe 0	n/a	n/a	n/a	n/a	n/a	probe_0	root
e059	Probe 0	n/a	n/a	n/a	n/a	n/a	probe_0	root
e060	Probe 0	n/a	n/a	n/a	n/a	n/a	probe_0	root
e061	Probe 0	n/a	n/a	n/a	n/a	n/a	probe_0	root
e062	Probe 0	n/a	n/a	n/a	n/a	n/a	probe_0	root
e063	Probe 0	n/a	n/a	n/a	n/a	n/a	probe_0	root
e064	Probe 0	n/a	n/a	n/a	n/a	n/a	probe_0	Entorhinal area medial part dorsal zone
e065	Probe 0	n/a	n/a	n/a	n/a	n/a	probe_0	Entorhinal area medial part dorsal zone
e066	Probe 0	n/a	n/a	n/a	n/a	n/a	probe_0	Entorhinal area medial part dorsal zone
e067	Probe 0	n/a	n/a	n/a	n/a	n/a	probe_0	Entorhinal area medial part dorsal zone
e068	Probe 0	n/a	n/a	n/a	n/a	n/a	probe_0	Entorhinal area medial part dorsal zone
e069	Probe 0	n/a	n/a	n/a	n/a	n/a	probe_0	Entorhinal area medial part dorsal zone
e070	Probe 0	n/a	n/a	n/a	n/a	n/a	probe_0	Entorhinal area medial part dorsal zone
e071	Probe 0	n/a	n/a	n/a	n/a	n/a	probe_0	Entorhinal area medial part dorsal zone
e072	Probe 0	n/a	n/a	n/a	n/a	n/a	probe_0	Entorhinal area medial part dorsal zone
e073	Probe 0	n/a	n/a	n/a	n/a	n/a	probe_0	Entorhinal area medial part dorsal zone
e074	Probe 0	n/a	n/a	n/a	n/a	n/a	probe_0	Entorhinal area medial part dorsal zone
e075	Probe 0	n/a	n/a	n/a	n/a	n/a	probe_0	Entorhinal area medial part dorsal zone
e076	Probe 0	n/a	n/a	n/a	n/a	n/a	probe_0	Entorhinal area medial part dorsal zone
e077	Probe 0	n/a	n/a	n/a	n/a	n/a	probe_0	Entorhinal area medial part dorsal zone
e078	Probe 0	n/a	n/a	n/a	n/a	n/a	probe_0	Entorhinal area medial part dorsal zone
e079	Probe 0	n/a	n/a	n/a	n/a	n/a	probe_0	Entorhinal area medial part dorsal zone
e080	Probe 0	n/a	n/a	n/a	n/a	n/a	probe_0	Entorhinal area medial part dorsal zone
e081	Probe 0	n/a	n/a	n/a	n/a	n/a	probe_0	Entorhinal area medial part dorsal zone
e082	Probe 0	n/a	n/a	n/a	n/a	n/a	probe_0	Entorhinal area medial part dorsal zone
e083	Probe 0	n/a	n/a	n/a	n/a	n/a	probe_0	Entorhinal area medial part dorsal zone
e084	Probe 0	n/a	n/a	n/a	n/a	n/a	probe_0	Entorhinal area medial part dorsal zone
e085	Probe 0	n/a	n/a	n/a	n/a	n/a	probe_0	Entorhinal area medial part dorsal zone
e086	Probe 0	n/a	n/a	n/a	n/a	n/a	probe_0	Entorhinal area medial part dorsal zone
e087	Probe 0	n/a	n/a	n/a	n/a	n/a	probe_0	Entorhinal area medial part dorsal zone
e088	Probe 0	n/a	n/a	n/a	n/a	n/a	probe_0	Entorhinal area medial part dorsal zone
e089	Probe 0	n/a	n/a	n/a	n/a	n/a	probe_0	Entorhinal area medial part dorsal zone
e090	Probe 0	n/a	n/a	n/a	n/a	n/a	probe_0	Entorhinal area medial part dorsal zone
e091	Probe 0	n/a	n/a	n/a	n/a	n/a	probe_0	Entorhinal area medial part dorsal zone
e092	Probe 0	n/a	n/a	n/a	n/a	n/a	probe_0	Entorhinal area medial part dorsal zone
e093	Probe 0	n/a	n/a	n/a	n/a	n/a	probe_0	Entorhinal area medial part dorsal zone
e094	Probe 0	n/a	n/a	n/a	n/a	n/a	probe_0	Entorhinal area medial part dorsal zone
e095	Probe 0	n/a	n/a	n/a	n/a	n/a	probe_0	Entorhinal area medial part dorsal zone
e096	Probe 0	n/a	n/a	n/a	n/a	n/a	probe_0	Entorhinal area medial part dorsal zone
e097	Probe 0	n/a	n/a	n/a	n/a	n/a	probe_0	Entorhinal area medial part dorsal zone
e098	Probe 0	n/a	n/a	n/a	n/a	n/a	probe_0	Entorhinal area medial part dorsal zone
e099	Probe 0	n/a	n/a	n/a	n/a	n/a	probe_0	Entorhinal area medial part dorsal zone
e100	Probe 0	n/a	n/a	n/a	n/a	n/a	probe_0	Entorhinal area medial part dorsal zone
e101	Probe 0	n/a	n/a	n/a	n/a	n/a	probe_0	Entorhinal area medial part dorsal zone
e102	Probe 0	n/a	n/a	n/a	n/a	n/a	probe_0	Entorhinal area medial part dorsal zone
e103	Probe 0	n/a	n/a	n/a	n/a	n/a	probe_0	Entorhinal area medial part dorsal zone
e104	Probe 0	n/a	n/a	n/a	n/a	n/a	probe_0	Entorhinal area medial part dorsal zone
e105	Probe 0	n/a	n/a	n/a	n/a	n/a	probe_0	Entorhinal area medial part dorsal zone
e106	Probe 0	n/a	n/a	n/a	n/a	n/a	probe_0	Entorhinal area medial part dorsal zone
e107	Probe 0	n/a	n/a	n/a	n/a	n/a	probe_0	Entorhinal area medial part dorsal zone
e108	Probe 0	n/a	n/a	n/a	n/a	n/a	probe_0	Entorhinal area medial part dorsal zone
e109	Probe 0	n/a	n/a	n/a	n/a	n/a	probe_0	Entorhinal area medial part dorsal zone
e110	Probe 0	n/a	n/a	n/a	n/a	n/a	probe_0	Entorhinal area medial part dorsal zone
e111	Probe 0	n/a	n/a	n/a	n/a	n/a	probe_0	Entorhinal area medial part dorsal zone
e112	Probe 0	n/a	n/a	n/a	n/a	n/a	probe_0	Entorhinal area medial part dorsal zone
e113	Probe 0	n/a	n/a	n/a	n/a	n/a	probe_0	Entorhinal area medial part dorsal zone
e114	Probe 0	n/a	n/a	n/a	n/a	n/a	probe_0	Entorhinal area medial part dorsal zone
e115	Probe 0	n/a	n/a	n/a	n/a	n/a	probe_0	Entorhinal area medial part dorsal zone
e116	Probe 0	n/a	n/a	n/a	n/a	n/a	probe_0	Entorhinal area medial part dorsal zone
e117	Probe 0	n/a	n/a	n/a	n/a	n/a	probe_0	Entorhinal area medial part dorsal zone
e118	Probe 0	n/a	n/a	n/a	n/a	n/a	probe_0	Entorhinal area medial part dorsal zone
e119	Probe 0	n/a	n/a	n/a	n/a	n/a	probe_0	Entorhinal area medial part dorsal zone
e120	Probe 0	n/a	n/a	n/a	n/a	n/a	probe_0	Entorhinal area medial part dorsal zone
e121	Probe 0	n/a	n/a	n/a	n/a	n/a	probe_0	Entorhinal area medial part dorsal zone
e122	Probe 0	n/a	n/a	n/a	n/a	n/a	probe_0	Entorhinal area medial part dorsal zone
e123	Probe 0	n/a	n/a	n/a	n/a	n/a	probe_0	Entorhinal area medial part dorsal zone
e124	Probe 0	n/a	n/a	n/a	n/a	n/a	probe_0	Entorhinal area medial part dorsal zone
e125	Probe 0	n/a	n/a	n/a	n/a	n/a	probe_0	Entorhinal area medial part dorsal zone
e126	Probe 0	n/a	n/a	n/a	n/a	n/a	probe_0	Entorhinal area medial part dorsal zone
e127	Probe 0	n/a	n/a	n/a	n/a	n/a	probe_0	Entorhinal area medial part dorsal zone
e128	Probe 0	n/a	n/a	n/a	n/a	n/a	probe_0	Entorhinal area medial part dorsal zone
e129	Probe 0	n/a	n/a	n/a	n/a	n/a	probe_0	Entorhinal area medial part dorsal zone
e130	Probe 0	n/a	n/a	n/a	n/a	n/a	probe_0	Entorhinal area medial part dorsal zone
e131	Probe 0	n/a	n/a	n/a	n/a	n/a	probe_0	Entorhinal area medial part dorsal zone
e132	Probe 0	n/a	n/a	n/a	n/a	n/a	probe_0	Entorhinal area medial part dorsal zone
e133	Probe 0	n/a	n/a	n/a	n/a	n/a	probe_0	Entorhinal area medial part dorsal zone
e134	Probe 0	n/a	n/a	n/a	n/a	n/a	probe_0	Entorhinal area medial part dorsal zone
e135	Probe 0	n/a	n/a	n/a	n/a	n/a	probe_0	Entorhinal area medial part dorsal zone
e136	Probe 0	n/a	n/a	n/a	n/a	n/a	probe_0	Entorhinal area medial part dorsal zone
e137	Probe 0	n/a	n/a	n/a	n/a	n/a	probe_0	Entorhinal area medial part dorsal zone
e138	Probe 0	n/a	n/a	n/a	n/a	n/a	probe_0	Entorhinal area medial part dorsal zone
e139	Probe 0	n/a	n/a	n/a	n/a	n/a	probe_0	Entorhinal area medial part dorsal zone
e140	Probe 0	n/a	n/a	n/a	n/a	n/a	probe_0	Entorhinal area medial part dorsal zone
e141	Probe 0	n/a	n/a	n/a	n/a	n/a	probe_0	Entorhinal area medial part dorsal zone
e142	Probe 0	n/a	n/a	n/a	n/a	n/a	probe_0	Entorhinal area medial part dorsal zone
e143	Probe 0	n/a	n/a	n/a	n/a	n/a	probe_0	Entorhinal area medial part dorsal zone
e144	Probe 0	n/a	n/a	n/a	n/a	n/a	probe_0	Entorhinal area medial part dorsal zone
e145	Probe 0	n/a	n/a	n/a	n/a	n/a	probe_0	Entorhinal area medial part dorsal zone
e146	Probe 0	n/a	n/a	n/a	n/a	n/a	probe_0	Entorhinal area medial part dorsal zone
e147	Probe 0	n/a	n/a	n/a	n/a	n/a	probe_0	Entorhinal area medial part dorsal zone
e148	Probe 0	n/a	n/a	n/a	n/a	n/a	probe_0	Entorhinal area medial part dorsal zone
e149	Probe 0	n/a	n/a	n/a	n/a	n/a	probe_0	Entorhinal area medial part dorsal zone
e150	Probe 0	n/a	n/a	n/a	n/a	n/a	probe_0	Entorhinal area medial part dorsal zone
e151	Probe 0	n/a	n/a	n/a	n/a	n/a	probe_0	Entorhinal area medial part dorsal zone
e152	Probe 0	n/a	n/a	n/a	n/a	n/a	probe_0	Entorhinal area medial part dorsal zone
e153	Probe 0	n/a	n/a	n/a	n/a	n/a	probe_0	Entorhinal area medial part dorsal zone
e154	Probe 0	n/a	n/a	n/a	n/a	n/a	probe_0	Entorhinal area medial part dorsal zone
e155	Probe 0	n/a	n/a	n/a	n/a	n/a	probe_0	Entorhinal area medial part dorsal zone
e156	Probe 0	n/a	n/a	n/a	n/a	n/a	probe_0	Entorhinal area medial part dorsal zone
e157	Probe 0	n/a	n/a	n/a	n/a	n/a	probe_0	Entorhinal area medial part dorsal zone
e158	Probe 0	n/a	n/a	n/a	n/a	n/a	probe_0	Entorhinal area medial part dorsal zone
e159	Probe 0	n/a	n/a	n/a	n/a	n/a	probe_0	Entorhinal area medial part dorsal zone
e160	Probe 0	n/a	n/a	n/a	n/a	n/a	probe_0	Entorhinal area medial part dorsal zone
e161	Probe 0	n/a	n/a	n/a	n/a	n/a	probe_0	Entorhinal area medial part dorsal zone
e162	Probe 0	n/a	n/a	n/a	n/a	n/a	probe_0	Entorhinal area medial part dorsal zone
e163	Probe 0	n/a	n/a	n/a	n/a	n/a	probe_0	Entorhinal area medial part dorsal zone
e164	Probe 0	n/a	n/a	n/a	n/a	n/a	probe_0	Entorhinal area medial part dorsal zone
e165	Probe 0	n/a	n/a	n/a	n/a	n/a	probe_0	Entorhinal area medial part dorsal zone
e166	Probe 0	n/a	n/a	n/a	n/a	n/a	probe_0	Entorhinal area medial part dorsal zone
e167	Probe 0	n/a	n/a	n/a	n/a	n/a	probe_0	Entorhinal area medial part dorsal zone
e168	Probe 0	n/a	n/a	n/a	n/a	n/a	probe_0	Entorhinal area medial part dorsal zone
e169	Probe 0	n/a	n/a	n/a	n/a	n/a	probe_0	Entorhinal area medial part dorsal zone
e170	Probe 0	n/a	n/a	n/a	n/a	n/a	probe_0	Entorhinal area medial part dorsal zone
e171	Probe 0	n/a	n/a	n/a	n/a	n/a	probe_0	Entorhinal area medial part dorsal zone
e172	Probe 0	n/a	n/a	n/a	n/a	n/a	probe_0	Entorhinal area medial part dorsal zone
e173	Probe 0	n/a	n/a	n/a	n/a	n/a	probe_0	Entorhinal area medial part dorsal zone
e174	Probe 0	n/a	n/a	n/a	n/a	n/a	probe_0	Entorhinal area medial part dorsal zone
e175	Probe 0	n/a	n/a	n/a	n/a	n/a	probe_0	Entorhinal area medial part dorsal zone
e176	Probe 0	n/a	n/a	n/a	n/a	n/a	probe_0	Entorhinal area medial part dorsal zone
e177	Probe 0	n/a	n/a	n/a	n/a	n/a	probe_0	Entorhinal area medial part dorsal zone
e178	Probe 0	n/a	n/a	n/a	n/a	n/a	probe_0	Entorhinal area medial part dorsal zone
e179	Probe 0	n/a	n/a	n/a	n/a	n/a	probe_0	Entorhinal area medial part dorsal zone
e180	Probe 0	n/a	n/a	n/a	n/a	n/a	probe_0	Parasubiculum
e181	Probe 0	n/a	n/a	n/a	n/a	n/a	probe_0	Parasubiculum
e182	Probe 0	n/a	n/a	n/a	n/a	n/a	probe_0	Posterolateral visual area
e183	Probe 0	n/a	n/a	n/a	n/a	n/a	probe_0	Posterolateral visual area
e184	Probe 0	n/a	n/a	n/a	n/a	n/a	probe_0	Posterolateral visual area
e185	Probe 0	n/a	n/a	n/a	n/a	n/a	probe_0	Posterolateral visual area
e186	Probe 0	n/a	n/a	n/a	n/a	n/a	probe_0	Posterolateral visual area
e187	Probe 0	n/a	n/a	n/a	n/a	n/a	probe_0	Posterolateral visual area
e188	Probe 0	n/a	n/a	n/a	n/a	n/a	probe_0	Posterolateral visual area
e189	Probe 0	n/a	n/a	n/a	n/a	n/a	probe_0	Posterolateral visual area
e190	Probe 0	n/a	n/a	n/a	n/a	n/a	probe_0	Posterolateral visual area
e191	Probe 0	n/a	n/a	n/a	n/a	n/a	probe_0	Posterolateral visual area
e192	Probe 0	n/a	n/a	n/a	n/a	n/a	probe_0	Posterolateral visual area
e193	Probe 0	n/a	n/a	n/a	n/a	n/a	probe_0	Posterolateral visual area
e194	Probe 0	n/a	n/a	n/a	n/a	n/a	probe_0	Posterolateral visual area
e195	Probe 0	n/a	n/a	n/a	n/a	n/a	probe_0	Posterolateral visual area
e196	Probe 0	n/a	n/a	n/a	n/a	n/a	probe_0	Posterolateral visual area
e197	Probe 0	n/a	n/a	n/a	n/a	n/a	probe_0	Posterolateral visual area
e198	Probe 0	n/a	n/a	n/a	n/a	n/a	probe_0	Posterolateral visual area
e199	Probe 0	n/a	n/a	n/a	n/a	n/a	probe_0	Posterolateral visual area
e200	Probe 0	n/a	n/a	n/a	n/a	n/a	probe_0	Posterolateral visual area
e201	Probe 0	n/a	n/a	n/a	n/a	n/a	probe_0	Posterolateral visual area
e202	Probe 0	n/a	n/a	n/a	n/a	n/a	probe_0	Posterolateral visual area
e203	Probe 0	n/a	n/a	n/a	n/a	n/a	probe_0	Posterolateral visual area
e204	Probe 0	n/a	n/a	n/a	n/a	n/a	probe_0	Posterolateral visual area
e205	Probe 0	n/a	n/a	n/a	n/a	n/a	probe_0	Posterolateral visual area
e206	Probe 0	n/a	n/a	n/a	n/a	n/a	probe_0	Posterolateral visual area
e207	Probe 0	n/a	n/a	n/a	n/a	n/a	probe_0	Posterolateral visual area
e208	Probe 0	n/a	n/a	n/a	n/a	n/a	probe_0	Posterolateral visual area
e209	Probe 0	n/a	n/a	n/a	n/a	n/a	probe_0	Posterolateral visual area
e210	Probe 0	n/a	n/a	n/a	n/a	n/a	probe_0	Posterolateral visual area
e211	Probe 0	n/a	n/a	n/a	n/a	n/a	probe_0	Posterolateral visual area
e212	Probe 0	n/a	n/a	n/a	n/a	n/a	probe_0	Posterolateral visual area
e213	Probe 0	n/a	n/a	n/a	n/a	n/a	probe_0	Posterolateral visual area
e214	Probe 0	n/a	n/a	n/a	n/a	n/a	probe_0	Posterolateral visual area
e215	Probe 0	n/a	n/a	n/a	n/a	n/a	probe_0	Posterolateral visual area
e216	Probe 0	n/a	n/a	n/a	n/a	n/a	probe_0	Posterolateral visual area
e217	Probe 0	n/a	n/a	n/a	n/a	n/a	probe_0	Posterolateral visual area
e218	Probe 0	n/a	n/a	n/a	n/a	n/a	probe_0	Posterolateral visual area
e219	Probe 0	n/a	n/a	n/a	n/a	n/a	probe_0	Posterolateral visual area
e220	Probe 0	n/a	n/a	n/a	n/a	n/a	probe_0	Primary visual area
e221	Probe 0	n/a	n/a	n/a	n/a	n/a	probe_0	Primary visual area
e222	Probe 0	n/a	n/a	n/a	n/a	n/a	probe_0	Primary visual area
e223	Probe 0	n/a	n/a	n/a	n/a	n/a	probe_0	Primary visual area
e224	Probe 0	n/a	n/a	n/a	n/a	n/a	probe_0	Primary visual area
e225	Probe 0	n/a	n/a	n/a	n/a	n/a	probe_0	Primary visual area
e226	Probe 0	n/a	n/a	n/a	n/a	n/a	probe_0	Primary visual area
e227	Probe 0	n/a	n/a	n/a	n/a	n/a	probe_0	Primary visual area
e228	Probe 0	n/a	n/a	n/a	n/a	n/a	probe_0	Primary visual area
e229	Probe 0	n/a	n/a	n/a	n/a	n/a	probe_0	Primary visual area
e230	Probe 0	n/a	n/a	n/a	n/a	n/a	probe_0	Primary visual area
e231	Probe 0	n/a	n/a	n/a	n/a	n/a	probe_0	Primary visual area
e232	Probe 0	n/a	n/a	n/a	n/a	n/a	probe_0	Primary visual area
e233	Probe 0	n/a	n/a	n/a	n/a	n/a	probe_0	Primary visual area
e234	Probe 0	n/a	n/a	n/a	n/a	n/a	probe_0	Primary visual area
e235	Probe 0	n/a	n/a	n/a	n/a	n/a	probe_0	Primary visual area
e236	Probe 0	n/a	n/a	n/a	n/a	n/a	probe_0	Primary visual area
e237	Probe 0	n/a	n/a	n/a	n/a	n/a	probe_0	Primary visual area
e238	Probe 0	n/a	n/a	n/a	n/a	n/a	probe_0	Primary visual area
e239	Probe 0	n/a	n/a	n/a	n/a	n/a	probe_0	Primary visual area
e240	Probe 0	n/a	n/a	n/a	n/a	n/a	probe_0	Primary visual area
e241	Probe 0	n/a	n/a	n/a	n/a	n/a	probe_0	Primary visual area
e242	Probe 0	n/a	n/a	n/a	n/a	n/a	probe_0	Primary visual area
e243	Probe 0	n/a	n/a	n/a	n/a	n/a	probe_0	Primary visual area
e244	Probe 0	n/a	n/a	n/a	n/a	n/a	probe_0	Primary visual area
e245	Probe 0	n/a	n/a	n/a	n/a	n/a	probe_0	Primary visual area
e246	Probe 0	n/a	n/a	n/a	n/a	n/a	probe_0	Primary visual area
e247	Probe 0	n/a	n/a	n/a	n/a	n/a	probe_0	Primary visual area
e248	Probe 0	n/a	n/a	n/a	n/a	n/a	probe_0	Primary visual area
e249	Probe 0	n/a	n/a	n/a	n/a	n/a	probe_0	Primary visual area
e250	Probe 0	n/a	n/a	n/a	n/a	n/a	probe_0	Primary visual area
e251	Probe 0	n/a	n/a	n/a	n/a	n/a	probe_0	Primary visual area
e252	Probe 0	n/a	n/a	n/a	n/a	n/a	probe_0	Primary visual area
e253	Probe 0	n/a	n/a	n/a	n/a	n/a	probe_0	Primary visual area
e254	Probe 0	n/a	n/a	n/a	n/a	n/a	probe_0	Primary visual area
e255	Probe 0	n/a	n/a	n/a	n/a	n/a	probe_0	Primary visual area
e256	Probe 0	n/a	n/a	n/a	n/a	n/a	probe_0	Primary visual area
e257	Probe 0	n/a	n/a	n/a	n/a	n/a	probe_0	Primary visual area
e258	Probe 0	n/a	n/a	n/a	n/a	n/a	probe_0	Primary visual area
e259	Probe 0	n/a	n/a	n/a	n/a	n/a	probe_0	Primary visual area
e260	Probe 0	n/a	n/a	n/a	n/a	n/a	probe_0	Primary visual area
e261	Probe 0	n/a	n/a	n/a	n/a	n/a	probe_0	Primary visual area
e262	Probe 0	n/a	n/a	n/a	n/a	n/a	probe_0	Primary visual area
e263	Probe 0	n/a	n/a	n/a	n/a	n/a	probe_0	Primary visual area
e264	Probe 0	n/a	n/a	n/a	n/a	n/a	probe_0	Primary visual area
e265	Probe 0	n/a	n/a	n/a	n/a	n/a	probe_0	Primary visual area
e266	Probe 0	n/a	n/a	n/a	n/a	n/a	probe_0	Primary visual area
e267	Probe 0	n/a	n/a	n/a	n/a	n/a	probe_0	Primary visual area
e268	Probe 0	n/a	n/a	n/a	n/a	n/a	probe_0	Primary visual area
e269	Probe 0	n/a	n/a	n/a	n/a	n/a	probe_0	Primary visual area
e270	Probe 0	n/a	n/a	n/a	n/a	n/a	probe_0	Primary visual area
e271	Probe 0	n/a	n/a	n/a	n/a	n/a	probe_0	Primary visual area
e272	Probe 0	n/a	n/a	n/a	n/a	n/a	probe_0	Primary visual area
e273	Probe 0	n/a	n/a	n/a	n/a	n/a	probe_0	Primary visual area
e274	Probe 0	n/a	n/a	n/a	n/a	n/a	probe_0	Primary visual area
e275	Probe 0	n/a	n/a	n/a	n/a	n/a	probe_0	Primary visual area
e276	Probe 0	n/a	n/a	n/a	n/a	n/a	probe_0	Primary visual area
e277	Probe 0	n/a	n/a	n/a	n/a	n/a	probe_0	Primary visual area
e278	Probe 0	n/a	n/a	n/a	n/a	n/a	probe_0	Primary visual area
e279	Probe 0	n/a	n/a	n/a	n/a	n/a	probe_0	Primary visual area
e280	Probe 0	n/a	n/a	n/a	n/a	n/a	probe_0	Primary visual area
e281	Probe 0	n/a	n/a	n/a	n/a	n/a	probe_0	Primary visual area
e282	Probe 0	n/a	n/a	n/a	n/a	n/a	probe_0	Primary visual area
e283	Probe 0	n/a	n/a	n/a	n/a	n/a	probe_0	Primary visual area
e284	Probe 0	n/a	n/a	n/a	n/a	n/a	probe_0	Primary visual area
e285	Probe 0	n/a	n/a	n/a	n/a	n/a	probe_0	Primary visual area
e286	Probe 0	n/a	n/a	n/a	n/a	n/a	probe_0	Primary visual area
e287	Probe 0	n/a	n/a	n/a	n/a	n/a	probe_0	Primary visual area
e288	Probe 0	n/a	n/a	n/a	n/a	n/a	probe_0	Primary visual area
e289	Probe 0	n/a	n/a	n/a	n/a	n/a	probe_0	Primary visual area
e290	Probe 0	n/a	n/a	n/a	n/a	n/a	probe_0	Primary visual area
e291	Probe 0	n/a	n/a	n/a	n/a	n/a	probe_0	Primary visual area
e292	Probe 0	n/a	n/a	n/a	n/a	n/a	probe_0	Primary visual area
e293	Probe 0	n/a	n/a	n/a	n/a	n/a	probe_0	Primary visual area
e294	Probe 0	n/a	n/a	n/a	n/a	n/a	probe_0	Primary visual area
e295	Probe 0	n/a	n/a	n/a	n/a	n/a	probe_0	Primary visual area
e296	Probe 0	n/a	n/a	n/a	n/a	n/a	probe_0	Primary visual area
e297	Probe 0	n/a	n/a	n/a	n/a	n/a	probe_0	Primary visual area
e298	Probe 0	n/a	n/a	n/a	n/a	n/a	probe_0	Primary visual area
e299	Probe 0	n/a	n/a	n/a	n/a	n/a	probe_0	Primary visual area
e300	Probe 0	n/a	n/a	n/a	n/a	n/a	probe_0	Primary visual area
e301	Probe 0	n/a	n/a	n/a	n/a	n/a	probe_0	Primary visual area
e302	Probe 0	n/a	n/a	n/a	n/a	n/a	probe_0	Above brain
e303	Probe 0	n/a	n/a	n/a	n/a	n/a	probe_0	Above brain
e304	Probe 0	n/a	n/a	n/a	n/a	n/a	probe_0	Above brain
e305	Probe 0	n/a	n/a	n/a	n/a	n/a	probe_0	Above brain
e306	Probe 0	n/a	n/a	n/a	n/a	n/a	probe_0	Above brain
e307	Probe 0	n/a	n/a	n/a	n/a	n/a	probe_0	Above brain
e308	Probe 0	n/a	n/a	n/a	n/a	n/a	probe_0	Above brain
e309	Probe 0	n/a	n/a	n/a	n/a	n/a	probe_0	Above brain
e310	Probe 0	n/a	n/a	n/a	n/a	n/a	probe_0	Above brain
e311	Probe 0	n/a	n/a	n/a	n/a	n/a	probe_0	Above brain
e312	Probe 0	n/a	n/a	n/a	n/a	n/a	probe_0	Above brain
e313	Probe 0	n/a	n/a	n/a	n/a	n/a	probe_0	Above brain
e314	Probe 0	n/a	n/a	n/a	n/a	n/a	probe_0	Above brain
e315	Probe 0	n/a	n/a	n/a	n/a	n/a	probe_0	Above brain
e316	Probe 0	n/a	n/a	n/a	n/a	n/a	probe_0	Above brain
e317	Probe 0	n/a	n/a	n/a	n/a	n/a	probe_0	Above brain
e318	Probe 0	n/a	n/a	n/a	n/a	n/a	probe_0	Above brain
e319	Probe 0	n/a	n/a	n/a	n/a	n/a	probe_0	Above brain
e320	Probe 0	n/a	n/a	n/a	n/a	n/a	probe_0	Above brain
e321	Probe 0	n/a	n/a	n/a	n/a	n/a	probe_0	Above brain
e322	Probe 0	n/a	n/a	n/a	n/a	n/a	probe_0	Above brain
e323	Probe 0	n/a	n/a	n/a	n/a	n/a	probe_0	Above brain
e324	Probe 0	n/a	n/a	n/a	n/a	n/a	probe_0	Above brain
e325	Probe 0	n/a	n/a	n/a	n/a	n/a	probe_0	Above brain
e326	Probe 0	n/a	n/a	n/a	n/a	n/a	probe_0	Above brain
e327	Probe 0	n/a	n/a	n/a	n/a	n/a	probe_0	Above brain
e328	Probe 0	n/a	n/a	n/a	n/a	n/a	probe_0	Above brain
e329	Probe 0	n/a	n/a	n/a	n/a	n/a	probe_0	Above brain
e330	Probe 0	n/a	n/a	n/a	n/a	n/a	probe_0	Above brain
e331	Probe 0	n/a	n/a	n/a	n/a	n/a	probe_0	Above brain
e332	Probe 0	n/a	n/a	n/a	n/a	n/a	probe_0	Above brain
e333	Probe 0	n/a	n/a	n/a	n/a	n/a	probe_0	Above brain
e334	Probe 0	n/a	n/a	n/a	n/a	n/a	probe_0	Above brain
e335	Probe 0	n/a	n/a	n/a	n/a	n/a	probe_0	Above brain
e336	Probe 0	n/a	n/a	n/a	n/a	n/a	probe_0	Above brain
e337	Probe 0	n/a	n/a	n/a	n/a	n/a	probe_0	Above brain
e338	Probe 0	n/a	n/a	n/a	n/a	n/a	probe_0	Above brain
e339	Probe 0	n/a	n/a	n/a	n/a	n/a	probe_0	Above brain
e340	Probe 0	n/a	n/a	n/a	n/a	n/a	probe_0	Above brain
e341	Probe 0	n/a	n/a	n/a	n/a	n/a	probe_0	Above brain
e342	Probe 0	n/a	n/a	n/a	n/a	n/a	probe_0	Above brain
e343	Probe 0	n/a	n/a	n/a	n/a	n/a	probe_0	Above brain
e344	Probe 0	n/a	n/a	n/a	n/a	n/a	probe_0	Above brain
e345	Probe 0	n/a	n/a	n/a	n/a	n/a	probe_0	Above brain
e346	Probe 0	n/a	n/a	n/a	n/a	n/a	probe_0	Above brain
e347	Probe 0	n/a	n/a	n/a	n/a	n/a	probe_0	Above brain
e348	Probe 0	n/a	n/a	n/a	n/a	n/a	probe_0	Above brain
e349	Probe 0	n/a	n/a	n/a	n/a	n/a	probe_0	Above brain
e350	Probe 0	n/a	n/a	n/a	n/a	n/a	probe_0	Above brain
e351	Probe 0	n/a	n/a	n/a	n/a	n/a	probe_0	Above brain
e352	Probe 0	n/a	n/a	n/a	n/a	n/a	probe_0	Above brain
e353	Probe 0	n/a	n/a	n/a	n/a	n/a	probe_0	Above brain
e354	Probe 0	n/a	n/a	n/a	n/a	n/a	probe_0	Above brain
e355	Probe 0	n/a	n/a	n/a	n/a	n/a	probe_0	Above brain
e356	Probe 0	n/a	n/a	n/a	n/a	n/a	probe_0	Above brain
e357	Probe 0	n/a	n/a	n/a	n/a	n/a	probe_0	Above brain
e358	Probe 0	n/a	n/a	n/a	n/a	n/a	probe_0	Above brain
e359	Probe 0	n/a	n/a	n/a	n/a	n/a	probe_0	Above brain
e360	Probe 0	n/a	n/a	n/a	n/a	n/a	probe_0	Above brain
e361	Probe 0	n/a	n/a	n/a	n/a	n/a	probe_0	Above brain
e362	Probe 0	n/a	n/a	n/a	n/a	n/a	probe_0	Above brain
e363	Probe 0	n/a	n/a	n/a	n/a	n/a	probe_0	Above brain
e364	Probe 0	n/a	n/a	n/a	n/a	n/a	probe_0	Above brain
e365	Probe 0	n/a	n/a	n/a	n/a	n/a	probe_0	Above brain
e366	Probe 0	n/a	n/a	n/a	n/a	n/a	probe_0	Above brain
e367	Probe 0	n/a	n/a	n/a	n/a	n/a	probe_0	Above brain
e368	Probe 0	n/a	n/a	n/a	n/a	n/a	probe_0	Above brain
e369	Probe 0	n/a	n/a	n/a	n/a	n/a	probe_0	Above brain
e370	Probe 0	n/a	n/a	n/a	n/a	n/a	probe_0	Above brain
e371	Probe 0	n/a	n/a	n/a	n/a	n/a	probe_0	Above brain
e372	Probe 0	n/a	n/a	n/a	n/a	n/a	probe_0	Above brain
e373	Probe 0	n/a	n/a	n/a	n/a	n/a	probe_0	Above brain
e374	Probe 0	n/a	n/a	n/a	n/a	n/a	probe_0	Above brain
e375	Probe 0	n/a	n/a	n/a	n/a	n/a	probe_0	Above brain
e376	Probe 0	n/a	n/a	n/a	n/a	n/a	probe_0	Above brain
e377	Probe 0	n/a	n/a	n/a	n/a	n/a	probe_0	Above brain
e378	Probe 0	n/a	n/a	n/a	n/a	n/a	probe_0	Above brain
e379	Probe 0	n/a	n/a	n/a	n/a	n/a	probe_0	Above brain
e380	Probe 0	n/a	n/a	n/a	n/a	n/a	probe_0	Above brain
e381	Probe 0	n/a	n/a	n/a	n/a	n/a	probe_0	Above brain
e382	Probe 0	n/a	n/a	n/a	n/a	n/a	probe_0	Above brain
e383	Probe 0	n/a	n/a	n/a	n/a	n/a	probe_0	Above brain
